/*
 Navicat Premium Data Transfer

 Source Server         : tinh
 Source Server Type    : MySQL
 Source Server Version : 100314
 Source Host           : localhost:3306
 Source Schema         : funiture

 Target Server Type    : MySQL
 Target Server Version : 100314
 File Encoding         : 65001

 Date: 18/09/2019 23:38:59
*/

SET NAMES utf8mb4;
SET FOREIGN_KEY_CHECKS = 0;

-- ----------------------------
-- Table structure for clients
-- ----------------------------
DROP TABLE IF EXISTS `clients`;
CREATE TABLE `clients`  (
  `id` int(11) NOT NULL AUTO_INCREMENT,
  `name` varchar(255) CHARACTER SET utf8 COLLATE utf8_general_ci NULL DEFAULT NULL,
  `email` varchar(255) CHARACTER SET utf8 COLLATE utf8_general_ci NULL DEFAULT NULL,
  `phone` varchar(255) CHARACTER SET utf8 COLLATE utf8_general_ci NULL DEFAULT NULL,
  `created_at` datetime(6) NULL DEFAULT NULL,
  `updated_at` datetime(6) NULL DEFAULT NULL,
  `message` text CHARACTER SET utf8 COLLATE utf8_general_ci NULL,
  PRIMARY KEY (`id`) USING BTREE
) ENGINE = InnoDB AUTO_INCREMENT = 2 CHARACTER SET = utf8 COLLATE = utf8_general_ci ROW_FORMAT = Dynamic;

-- ----------------------------
-- Records of clients
-- ----------------------------
INSERT INTO `clients` VALUES (1, 'Đức Thiện', 'dtcons@gmail.com', '0972661882', '2019-09-18 11:41:01.000000', '2019-09-18 11:41:01.000000', 'Chào dt, chúng tôi muốn hợp tác');

-- ----------------------------
-- Table structure for constructs
-- ----------------------------
DROP TABLE IF EXISTS `constructs`;
CREATE TABLE `constructs`  (
  `id` int(11) NOT NULL AUTO_INCREMENT,
  `name` varchar(255) CHARACTER SET utf8 COLLATE utf8_general_ci NOT NULL,
  `address` varchar(255) CHARACTER SET utf8 COLLATE utf8_general_ci NOT NULL,
  `client` varchar(255) CHARACTER SET utf8 COLLATE utf8_general_ci NULL DEFAULT NULL,
  `value` varchar(255) CHARACTER SET utf8 COLLATE utf8_general_ci NOT NULL,
  `year` varchar(255) CHARACTER SET utf8 COLLATE utf8_general_ci NOT NULL,
  `created_at` datetime(6) NOT NULL ON UPDATE CURRENT_TIMESTAMP(6),
  `updated_at` datetime(6) NOT NULL ON UPDATE CURRENT_TIMESTAMP(6),
  PRIMARY KEY (`id`) USING BTREE
) ENGINE = InnoDB AUTO_INCREMENT = 64 CHARACTER SET = utf8 COLLATE = utf8_general_ci ROW_FORMAT = Dynamic;

-- ----------------------------
-- Records of constructs
-- ----------------------------
INSERT INTO `constructs` VALUES (54, 'Nhà máy UNIGEN VIETNAM HA NOI ', 'Khu Công nghiệp VSIP Bắc Ninh ', 'Cty TNHH Nội thất Mai', '69,378,330,471', '2011', '2019-09-18 11:05:43.000000', '2019-09-18 11:08:41.000000');
INSERT INTO `constructs` VALUES (55, 'Công trình Estella Clubhouse ', 'An Phú, Quận 2', 'Cty TNHH Nội thất Mai', '2,608,157,750', '2011', '2019-09-18 11:07:21.000000', '2019-09-18 11:08:49.000000');
INSERT INTO `constructs` VALUES (56, 'Nhà máy P&G ', 'Dĩ An, Bình Dương', ' Cty TNHH Xây dựng Vương Tấn Tài', '11,294,965,122', '2011', '2019-09-18 11:07:54.000000', '2019-09-18 11:08:56.000000');
INSERT INTO `constructs` VALUES (62, 'Nhà máy Nokia (Viet nam) ', 'Khu Công nghiệp VSIP Bắc Ninh', 'Cty TNHH SX TM XD Ngũ Thường', '7,217,973,275', '2012', '2019-09-18 11:12:04.000000', '2019-09-18 11:12:04.000000');
INSERT INTO `constructs` VALUES (63, 'Nhà máy MARUEI VIET NAM ', 'Vsip1, Thuận An, Bình Dương', 'MARUEI VIET NAM', '2,495,236,352', '2012', '2019-09-18 11:46:05.000000', '2019-09-18 11:46:05.000000');

-- ----------------------------
-- Table structure for img_construct
-- ----------------------------
DROP TABLE IF EXISTS `img_construct`;
CREATE TABLE `img_construct`  (
  `id` int(11) NOT NULL AUTO_INCREMENT,
  `construct_id` int(11) NOT NULL,
  `url` varchar(255) CHARACTER SET utf8 COLLATE utf8_general_ci NOT NULL,
  `created_at` datetime(6) NULL DEFAULT NULL ON UPDATE CURRENT_TIMESTAMP(6),
  `updated_at` datetime(6) NULL DEFAULT NULL ON UPDATE CURRENT_TIMESTAMP(6),
  PRIMARY KEY (`id`) USING BTREE,
  INDEX `construct_id`(`construct_id`) USING BTREE,
  CONSTRAINT `img_construct_ibfk_1` FOREIGN KEY (`construct_id`) REFERENCES `constructs` (`id`) ON DELETE RESTRICT ON UPDATE RESTRICT
) ENGINE = InnoDB AUTO_INCREMENT = 33 CHARACTER SET = utf8 COLLATE = utf8_general_ci ROW_FORMAT = Dynamic;

-- ----------------------------
-- Records of img_construct
-- ----------------------------
INSERT INTO `img_construct` VALUES (1, 54, '\\admin\\images\\construct\\vsip10.jpg', '2019-09-18 11:06:04.000000', '2019-09-18 11:06:04.000000');
INSERT INTO `img_construct` VALUES (2, 54, '\\admin\\images\\construct\\vsip4.jpg', '2019-09-18 11:06:04.000000', '2019-09-18 11:06:04.000000');
INSERT INTO `img_construct` VALUES (3, 54, '\\admin\\images\\construct\\vsip3.jpg', '2019-09-18 11:06:04.000000', '2019-09-18 11:06:04.000000');
INSERT INTO `img_construct` VALUES (4, 54, '\\admin\\images\\construct\\vsip7.jpg', '2019-09-18 11:06:04.000000', '2019-09-18 11:06:04.000000');
INSERT INTO `img_construct` VALUES (5, 54, '\\admin\\images\\construct\\vsip5.jpg', '2019-09-18 11:06:04.000000', '2019-09-18 11:06:04.000000');
INSERT INTO `img_construct` VALUES (6, 54, '\\admin\\images\\construct\\vsip8.jpg', '2019-09-18 11:06:04.000000', '2019-09-18 11:06:04.000000');
INSERT INTO `img_construct` VALUES (7, 54, '\\admin\\images\\construct\\vsip2.jpg', '2019-09-18 11:06:04.000000', '2019-09-18 11:06:04.000000');
INSERT INTO `img_construct` VALUES (8, 54, '\\admin\\images\\construct\\vsip12.jpg', '2019-09-18 11:06:04.000000', '2019-09-18 11:06:04.000000');
INSERT INTO `img_construct` VALUES (9, 54, '\\admin\\images\\construct\\vsip11.jpg', '2019-09-18 11:06:04.000000', '2019-09-18 11:06:04.000000');
INSERT INTO `img_construct` VALUES (10, 54, '\\admin\\images\\construct\\vsip6.jpg', '2019-09-18 11:06:04.000000', '2019-09-18 11:06:04.000000');
INSERT INTO `img_construct` VALUES (11, 54, '\\admin\\images\\construct\\vsip1.jpg', '2019-09-18 11:06:04.000000', '2019-09-18 11:06:04.000000');
INSERT INTO `img_construct` VALUES (12, 54, '\\admin\\images\\construct\\vsip9.jpg', '2019-09-18 11:06:04.000000', '2019-09-18 11:06:04.000000');
INSERT INTO `img_construct` VALUES (13, 55, '\\admin\\images\\construct\\es1.jpg', '2019-09-18 11:13:55.000000', '2019-09-18 11:13:55.000000');
INSERT INTO `img_construct` VALUES (14, 56, '\\admin\\images\\construct\\pg2.jpg', '2019-09-18 11:17:18.000000', '2019-09-18 11:17:18.000000');
INSERT INTO `img_construct` VALUES (15, 56, '\\admin\\images\\construct\\pg3.jpg', '2019-09-18 11:17:18.000000', '2019-09-18 11:17:18.000000');
INSERT INTO `img_construct` VALUES (16, 56, '\\admin\\images\\construct\\pg4.jpg', '2019-09-18 11:17:18.000000', '2019-09-18 11:17:18.000000');
INSERT INTO `img_construct` VALUES (17, 62, '\\admin\\images\\construct\\n1.jpg', '2019-09-18 11:19:24.000000', '2019-09-18 11:19:24.000000');
INSERT INTO `img_construct` VALUES (18, 62, '\\admin\\images\\construct\\n2.jpg', '2019-09-18 11:19:24.000000', '2019-09-18 11:19:24.000000');
INSERT INTO `img_construct` VALUES (19, 62, '\\admin\\images\\construct\\n3.jpg', '2019-09-18 11:19:24.000000', '2019-09-18 11:19:24.000000');
INSERT INTO `img_construct` VALUES (20, 62, '\\admin\\images\\construct\\n5.jpg', '2019-09-18 11:19:24.000000', '2019-09-18 11:19:24.000000');
INSERT INTO `img_construct` VALUES (21, 62, '\\admin\\images\\construct\\n6.jpg', '2019-09-18 11:19:24.000000', '2019-09-18 11:19:24.000000');
INSERT INTO `img_construct` VALUES (22, 62, '\\admin\\images\\construct\\n4.jpg', '2019-09-18 11:19:24.000000', '2019-09-18 11:19:24.000000');
INSERT INTO `img_construct` VALUES (23, 62, '\\admin\\images\\construct\\n8.jpg', '2019-09-18 11:19:24.000000', '2019-09-18 11:19:24.000000');
INSERT INTO `img_construct` VALUES (24, 62, '\\admin\\images\\construct\\n7.jpg', '2019-09-18 11:19:24.000000', '2019-09-18 11:19:24.000000');
INSERT INTO `img_construct` VALUES (25, 63, '\\admin\\images\\construct\\n2.jpg', '2019-09-18 11:46:51.000000', '2019-09-18 11:46:51.000000');
INSERT INTO `img_construct` VALUES (26, 63, '\\admin\\images\\construct\\n3.jpg', '2019-09-18 11:46:51.000000', '2019-09-18 11:46:51.000000');
INSERT INTO `img_construct` VALUES (27, 63, '\\admin\\images\\construct\\n1.jpg', '2019-09-18 11:46:51.000000', '2019-09-18 11:46:51.000000');
INSERT INTO `img_construct` VALUES (28, 63, '\\admin\\images\\construct\\n8.jpg', '2019-09-18 11:46:51.000000', '2019-09-18 11:46:51.000000');
INSERT INTO `img_construct` VALUES (29, 63, '\\admin\\images\\construct\\n7.jpg', '2019-09-18 11:46:51.000000', '2019-09-18 11:46:51.000000');
INSERT INTO `img_construct` VALUES (30, 63, '\\admin\\images\\construct\\n5.jpg', '2019-09-18 11:46:51.000000', '2019-09-18 11:46:51.000000');
INSERT INTO `img_construct` VALUES (31, 63, '\\admin\\images\\construct\\n6.jpg', '2019-09-18 11:46:51.000000', '2019-09-18 11:46:51.000000');
INSERT INTO `img_construct` VALUES (32, 63, '\\admin\\images\\construct\\n4.jpg', '2019-09-18 11:46:51.000000', '2019-09-18 11:46:51.000000');

-- ----------------------------
-- Table structure for img_thumbnail
-- ----------------------------
DROP TABLE IF EXISTS `img_thumbnail`;
CREATE TABLE `img_thumbnail`  (
  `id` int(11) NOT NULL AUTO_INCREMENT,
  `post_id` int(11) NOT NULL,
  `url` varchar(255) CHARACTER SET utf8 COLLATE utf8_general_ci NOT NULL,
  `created_at` datetime(6) NULL DEFAULT NULL ON UPDATE CURRENT_TIMESTAMP(6),
  `updated_at` datetime(6) NULL DEFAULT NULL ON UPDATE CURRENT_TIMESTAMP(6),
  PRIMARY KEY (`id`) USING BTREE,
  INDEX `construct_id`(`post_id`) USING BTREE,
  CONSTRAINT `img_thumbnail_ibfk_1` FOREIGN KEY (`post_id`) REFERENCES `posts` (`id`) ON DELETE RESTRICT ON UPDATE RESTRICT
) ENGINE = InnoDB AUTO_INCREMENT = 6 CHARACTER SET = utf8 COLLATE = utf8_general_ci ROW_FORMAT = Dynamic;

-- ----------------------------
-- Records of img_thumbnail
-- ----------------------------
INSERT INTO `img_thumbnail` VALUES (1, 24, '\\admin\\images\\post\\1468211477-1.jpg', '2019-09-18 11:26:25.000000', '2019-09-18 11:26:25.000000');
INSERT INTO `img_thumbnail` VALUES (2, 25, '\\admin\\images\\post\\1484299437-12.jpg', '2019-09-18 11:31:02.000000', '2019-09-18 11:31:02.000000');
INSERT INTO `img_thumbnail` VALUES (3, 26, '\\admin\\images\\post\\1468482694-1.jpg', '2019-09-18 11:32:31.000000', '2019-09-18 11:32:31.000000');
INSERT INTO `img_thumbnail` VALUES (4, 27, '\\admin\\images\\post\\sha.jpg', '2019-09-18 11:35:28.000000', '2019-09-18 11:35:28.000000');
INSERT INTO `img_thumbnail` VALUES (5, 28, '\\admin\\images\\post\\thumbnail.jpg', '2019-09-18 11:44:04.000000', '2019-09-18 11:44:04.000000');

-- ----------------------------
-- Table structure for posts
-- ----------------------------
DROP TABLE IF EXISTS `posts`;
CREATE TABLE `posts`  (
  `id` int(11) NOT NULL AUTO_INCREMENT,
  `title` varchar(255) CHARACTER SET utf8 COLLATE utf8_general_ci NOT NULL,
  `describe` text CHARACTER SET utf8 COLLATE utf8_general_ci NOT NULL,
  `content` longtext CHARACTER SET utf8 COLLATE utf8_general_ci NOT NULL,
  `created_at` datetime(6) NOT NULL ON UPDATE CURRENT_TIMESTAMP(6),
  `updated_at` datetime(6) NOT NULL ON UPDATE CURRENT_TIMESTAMP(6),
  PRIMARY KEY (`id`) USING BTREE
) ENGINE = InnoDB AUTO_INCREMENT = 29 CHARACTER SET = utf8 COLLATE = utf8_general_ci ROW_FORMAT = Dynamic;

-- ----------------------------
-- Records of posts
-- ----------------------------
INSERT INTO `posts` VALUES (24, 'TRANG TRÍ NHÀ ĐÓN THU', 'Mùa thu đến với ánh vàng nhẹ nhàng cùng tiết trời mát mẻ, đó là lúc “đóng gói” mọi thứ rực rỡ thuộc về mùa hè bằng cách mang lại sự bình yên và lãng mạn cho ngôi nhà.', '<p style=\"font-size: 14px; color: rgb(102, 102, 102); font-family: Helvetica, sans-serif; line-height: 20px; margin-right: 0px; margin-bottom: 10px; margin-left: 0px; text-align: justify;\">Mùa thu đến với ánh vàng nhẹ nhàng cùng tiết trời mát mẻ, đó là lúc “đóng gói” mọi thứ rực rỡ thuộc về mùa hè bằng cách mang lại sự bình yên và lãng mạn cho ngôi nhà. Thay vì phải bắt tay mua sắm để tân trang từng ngóc ngách, vẫn còn nhiều cách để làm đẹp không gian nhà ở cho một mùa ấm áp. Mọi thứ sẽ đơn giản khi thay đổi một số yếu tố và chi tiết cơ bản, bắt đầu với 5 thứ đầu tiên mà đa phần mọi nhà đều sở hữu trong tay.</p><p style=\"font-size: 14px; color: rgb(102, 102, 102); font-family: Helvetica, sans-serif; line-height: 20px; margin-right: 0px; margin-bottom: 10px; margin-left: 0px; text-align: justify;\"><strong>1. Tone màu cam quen thuộc</strong></p><p style=\"font-size: 14px; color: rgb(102, 102, 102); font-family: Helvetica, sans-serif; line-height: 20px; margin-right: 0px; margin-bottom: 10px; margin-left: 0px; text-align: justify;\">Nếu màu đỏ tượng trưng cho sự mạnh mẽ đam mê, sắc vàng biểu tượng cho sự thịnh vượng tươi mới thì màu cam lại là \"bến đỗ bình yên\" cho những tâm hồn cá tính.&nbsp;Màu cam cổ điển tượng trưng cho mùa thu hoạch, sự chuyển đổi, trưởng thành.&nbsp;Và đó cũng là một trong những màu đặc trưng của mùa thu. Để “khoác áo mới” cho căn nhà, trước tiên hãy tô điểm bởi một vài sắc cam trên rèm cửa, gối sofa, khăn trải bàn hay tranh ảnh.</p><p style=\"font-size: 14px; color: rgb(102, 102, 102); font-family: Helvetica, sans-serif; line-height: 20px; margin-right: 0px; margin-bottom: 10px; margin-left: 0px; text-align: justify;\"><img src=\"http://files.thietthach.vn//upload/1468211477-1.jpg\" style=\"width: 686.569px; height: 527.641px; float: none;\"></p><p style=\"font-size: 14px; color: rgb(102, 102, 102); font-family: Helvetica, sans-serif; line-height: 20px; margin-right: 0px; margin-bottom: 10px; margin-left: 0px; text-align: justify;\"><img src=\"http://files.thietthach.vn//upload/1468211146-2.jpg\" style=\"width: 690px;\"></p><p style=\"font-size: 14px; color: rgb(102, 102, 102); font-family: Helvetica, sans-serif; line-height: 20px; margin-right: 0px; margin-bottom: 10px; margin-left: 0px; text-align: justify;\"><strong>2. Nến</strong></p><p style=\"font-size: 14px; color: rgb(102, 102, 102); font-family: Helvetica, sans-serif; line-height: 20px; margin-right: 0px; margin-bottom: 10px; margin-left: 0px; text-align: justify;\">Giữa sắc và hương, cả hai đều quan trọng cho một không gian sống mang chủ đề “mùa thu”. Một vài ngọn nến ấm áp tỏa hương thơm khắp nhà vừa đem lại sự thư giãn cũng như mang lại bầu không khí nhẹ nhàng, thoải mái.</p><p style=\"font-size: 14px; color: rgb(102, 102, 102); font-family: Helvetica, sans-serif; line-height: 20px; margin-right: 0px; margin-bottom: 10px; margin-left: 0px; text-align: justify;\"><img src=\"http://files.thietthach.vn//upload/1468211146-3.jpg\" style=\"width: 700px;\"></p><p style=\"font-size: 14px; color: rgb(102, 102, 102); font-family: Helvetica, sans-serif; line-height: 20px; margin-right: 0px; margin-bottom: 10px; margin-left: 0px; text-align: justify;\"><strong>3. Vòng treo cửa</strong></p><p style=\"font-size: 14px; color: rgb(102, 102, 102); font-family: Helvetica, sans-serif; line-height: 20px; margin-right: 0px; margin-bottom: 10px; margin-left: 0px; text-align: justify;\">Mùa thu là mùa của nghỉ ngơi, mùa thu hoạch và đây chính là thời gian để chào đón các vị khách đến nhà một cách nồng nhiệt bằng&nbsp;vòng treo cửa<em>.</em>&nbsp;Từ những chiếc vòng nguyệt quế tròn cổ điển đến những chiếc vòng treo làm từ cây cỏ khô… sẽ là điểm nhấn độc đáo và lãng mạn cho ngôi nhà ngay từ lối vào.&nbsp;</p><p style=\"font-size: 14px; color: rgb(102, 102, 102); font-family: Helvetica, sans-serif; line-height: 20px; margin-right: 0px; margin-bottom: 10px; margin-left: 0px; text-align: justify;\"><img src=\"http://files.thietthach.vn//upload/1468211146-04.jpg\" style=\"width: 650px;\"></p><p style=\"font-size: 14px; color: rgb(102, 102, 102); font-family: Helvetica, sans-serif; line-height: 20px; margin-right: 0px; margin-bottom: 10px; margin-left: 0px; text-align: justify;\"><strong>4. Khăn và gối&nbsp;</strong><strong>đệm</strong></p><p style=\"font-size: 14px; color: rgb(102, 102, 102); font-family: Helvetica, sans-serif; line-height: 20px; margin-right: 0px; margin-bottom: 10px; margin-left: 0px; text-align: justify;\">Những chiếc ghế sofa sẽ trở nên ấm áp hơn bởi sự xuất hiện của những chiếc khăn và&nbsp;gối đệm. Khi thời tiết bắt đầu thay đổi, khi không khí nóng bức không còn, khăn và gối là phụ kiện trang trí và cũng là vật dụng hữu ích cho những buổi trò chuyện hay lúc chợp mắt nghỉ ngơi trong sự ấm cúng, dễ chịu.</p><p style=\"font-size: 14px; color: rgb(102, 102, 102); font-family: Helvetica, sans-serif; line-height: 20px; margin-right: 0px; margin-bottom: 10px; margin-left: 0px; text-align: justify;\"><img src=\"http://files.thietthach.vn//upload/1468211146-5.jpg\" style=\"width: 958.094px;\"></p><p style=\"font-size: 14px; color: rgb(102, 102, 102); font-family: Helvetica, sans-serif; line-height: 20px; margin-right: 0px; margin-bottom: 10px; margin-left: 0px; text-align: justify;\"><strong>5. Thảm sàn</strong></p><p style=\"font-size: 14px; color: rgb(102, 102, 102); font-family: Helvetica, sans-serif; line-height: 20px; margin-right: 0px; margin-bottom: 10px; margin-left: 0px; text-align: justify;\">Cùng với rèm, vỏ bọc sofa hay tranh ảnh,&nbsp;thảm là vật dụng dễ dàng thay đổi theo mùa<strong>.</strong>&nbsp;Một chiếc thảm len hay cotton vừa vặn với họa tiết trang nhã phù hợp bên dưới bộ sofa trong phòng khách sẽ khiến không gian trở nên gần gũi và thân mật.</p><p style=\"font-size: 14px; color: rgb(102, 102, 102); font-family: Helvetica, sans-serif; line-height: 20px; margin-right: 0px; margin-bottom: 10px; margin-left: 0px; text-align: justify;\"><img src=\"http://files.thietthach.vn//upload/1468211477-6.jpg\" style=\"width: 958.094px;\"></p><p style=\"font-size: 14px; color: rgb(102, 102, 102); font-family: Helvetica, sans-serif; line-height: 20px; margin-right: 0px; margin-bottom: 10px; margin-left: 0px; text-align: justify;\">Nguồn: HOMEDIT.COM</p>', '2019-09-18 11:25:55.000000', '2019-09-18 11:25:55.000000');
INSERT INTO `posts` VALUES (25, 'LÀM MỚI PHÒNG KHÁCH ĐÓN XUÂN VỀ', 'Một chiếc bàn ấn tượng đặt cạnh bộ sofa là cách bạn làm mới bộ mặt của cả căn nhà. Thay đổi một chiếc bàn mới sẽ đem lại cảm giác mới mẻ cho cả bộ sofa cũ. Mẫu bàn thấp không những giúp tiết kiệm không gian mà còn tạo nên phong cách đặc biệt cho khu vực này. Có thể chọn những thiết kế bằng gỗ mộc mạc hay những thiết kế kết hợp giữa gương và mặt bàn bằng đá sang trọng.', '<p style=\"font-size: 14px; color: rgb(102, 102, 102); font-family: Helvetica, sans-serif; line-height: 20px; margin-right: 0px; margin-bottom: 10px; margin-left: 0px; text-align: justify;\"><strong>1. Bàn&nbsp;</strong><strong>phòng khách</strong></p><p style=\"font-size: 14px; color: rgb(102, 102, 102); font-family: Helvetica, sans-serif; line-height: 20px; margin-right: 0px; margin-bottom: 10px; margin-left: 0px; text-align: justify;\">Một chiếc bàn ấn tượng đặt cạnh bộ sofa là cách bạn làm mới bộ mặt của cả căn nhà. Thay đổi một chiếc bàn mới sẽ đem lại cảm giác mới mẻ cho cả bộ sofa cũ. Mẫu bàn thấp không những giúp tiết kiệm không gian mà còn tạo nên phong cách đặc biệt cho khu vực này. Có thể chọn những thiết kế bằng gỗ mộc mạc hay những thiết kế kết hợp giữa gương và mặt bàn bằng đá sang trọng.</p><p style=\"font-size: 14px; color: rgb(102, 102, 102); font-family: Helvetica, sans-serif; line-height: 20px; margin-right: 0px; margin-bottom: 10px; margin-left: 0px; text-align: center;\"><img alt=\"\" src=\"http://files.thietthach.vn//upload/1484299437-12.jpg\" style=\"max-width: 100%; height: 299px; width: 650px;\"></p><p style=\"font-size: 14px; color: rgb(102, 102, 102); font-family: Helvetica, sans-serif; line-height: 20px; margin-right: 0px; margin-bottom: 10px; margin-left: 0px; text-align: justify;\"><strong>2. Rèm cửa sổ</strong></p><p style=\"font-size: 14px; color: rgb(102, 102, 102); font-family: Helvetica, sans-serif; line-height: 20px; margin-right: 0px; margin-bottom: 10px; margin-left: 0px; text-align: justify;\">Rèm cửa ngoài chức năng chính là che nắng còn góp phần “làm điệu” cho phòng khách. Với tiết trời dịu nhẹ của mùa xuân, nên chọn mẫu rèm bằng voan, lụa, ren, vừa mềm mại vừa đẹp mắt. Bên cạnh đó, những mẫu thiết kế kết hợp giữa các chất liệu mỏng cùng vải dày để cản sáng tốt hơn mà vẫn không làm ảnh hưởng đến sự duyên dáng của rèm.</p><p style=\"font-size: 14px; color: rgb(102, 102, 102); font-family: Helvetica, sans-serif; line-height: 20px; margin-right: 0px; margin-bottom: 10px; margin-left: 0px; text-align: center;\"><img alt=\"\" src=\"http://files.thietthach.vn//upload/1484298597-3.jpg\" style=\"max-width: 100%; height: 488px; width: 650px;\"></p><p style=\"font-size: 14px; color: rgb(102, 102, 102); font-family: Helvetica, sans-serif; line-height: 20px; margin-right: 0px; margin-bottom: 10px; margin-left: 0px; text-align: justify;\"><strong>3. Thảm trải sàn</strong></p><p style=\"font-size: 14px; color: rgb(102, 102, 102); font-family: Helvetica, sans-serif; line-height: 20px; margin-right: 0px; margin-bottom: 10px; margin-left: 0px; text-align: justify;\">Thảm trải sàn không chỉ giúp giữ vệ sinh, tạo sự ấm áp mà còn giúp phòng khách thêm lôi cuốn. Thay đổi thảm trải sàn đã dùng suốt 1 năm qua bằng tấm thảm khác có hoạ tiết sinh động để đón chào năm mới. Nếu muốn làm nổi bật đồ nội thất thì những tấm thảm có kích thước nhỏ là lựa chọn phù hợp. Nếu muốn tạo sự ấm cúng thì nên chọn loại thảm rộng và trải đều căn phòng.</p><p style=\"font-size: 14px; color: rgb(102, 102, 102); font-family: Helvetica, sans-serif; line-height: 20px; margin-right: 0px; margin-bottom: 10px; margin-left: 0px; text-align: center;\"><img alt=\"\" src=\"http://files.thietthach.vn//upload/1484298597-4.jpg\" style=\"max-width: 100%; height: 432px; width: 650px;\"></p><p style=\"font-size: 14px; color: rgb(102, 102, 102); font-family: Helvetica, sans-serif; line-height: 20px; margin-right: 0px; margin-bottom: 10px; margin-left: 0px; text-align: justify;\"><strong>4. Lắp kệ lưu trữ</strong></p><p style=\"font-size: 14px; color: rgb(102, 102, 102); font-family: Helvetica, sans-serif; line-height: 20px; margin-right: 0px; margin-bottom: 10px; margin-left: 0px; text-align: justify;\">Giải pháp cho những mảng tường trống trong phòng khách. Những chiếc kệ xinh xắn là giải pháp hoàn hảo để tận dụng bề mặt tường, vừa trang trí vừa lưu trữ đồ đạc. Phòng khách sẽ luôn gọn gàng, đồng thời tạo được ấn tượng cho khách đến chơi nếu khéo léo sắp xếp.</p><p style=\"font-size: 14px; color: rgb(102, 102, 102); font-family: Helvetica, sans-serif; line-height: 20px; margin-right: 0px; margin-bottom: 10px; margin-left: 0px; text-align: center;\"><img alt=\"\" src=\"http://files.thietthach.vn//upload/1484298597-5.jpg\" style=\"max-width: 100%; height: 488px; width: 650px;\"></p><p style=\"font-size: 14px; color: rgb(102, 102, 102); font-family: Helvetica, sans-serif; line-height: 20px; margin-right: 0px; margin-bottom: 10px; margin-left: 0px; text-align: justify;\"><strong>5. Gối ôm, gối&nbsp;</strong><strong>t</strong><strong>ựa</strong></p><p style=\"font-size: 14px; color: rgb(102, 102, 102); font-family: Helvetica, sans-serif; line-height: 20px; margin-right: 0px; margin-bottom: 10px; margin-left: 0px; text-align: justify;\">Bộ sofa phòng khách sẽ thật nhàm chán và buồn tẻ nếu thiếu gối ôm, gối tựa. Chúng không chỉ tạo cảm giác êm ái, dễ chịu cho người sử dụng mà còn là phụ kiện trang trí hiệu quả. Sự đa dạng về mẫu mã và màu sắc giúp dễ dàng thay đổi theo mùa và phong cách thiết kế chung của ngôi nhà.</p><p style=\"font-size: 14px; color: rgb(102, 102, 102); font-family: Helvetica, sans-serif; line-height: 20px; margin-right: 0px; margin-bottom: 10px; margin-left: 0px; text-align: center;\"><img alt=\"\" src=\"http://files.thietthach.vn//upload/1484298776-6.jpg\" style=\"max-width: 100%; height: 433px; width: 650px;\"></p><p style=\"font-size: 14px; color: rgb(102, 102, 102); font-family: Helvetica, sans-serif; line-height: 20px; margin-right: 0px; margin-bottom: 10px; margin-left: 0px; text-align: justify;\"><strong>6. Lọ hoa, chậu cây cảnh</strong></p><p style=\"font-size: 14px; color: rgb(102, 102, 102); font-family: Helvetica, sans-serif; line-height: 20px; margin-right: 0px; margin-bottom: 10px; margin-left: 0px; text-align: justify;\">Mùa xuân là mùa của muôn hoa, muôn cây. Bày hoa tươi hoặc chậu cây cảnh nhỏ là cách đơn giản nhất để mang thiên nhiên vào không gian sống. Chúng không chỉ thổi bừng sức sống tươi trẻ cho phòng khách mà còn “hút tài lộc” cho chủ nhân ngôi nhà.</p><p style=\"font-size: 14px; color: rgb(102, 102, 102); font-family: Helvetica, sans-serif; line-height: 20px; margin-right: 0px; margin-bottom: 10px; margin-left: 0px; text-align: center;\"><img alt=\"\" src=\"http://files.thietthach.vn//upload/1484298776-7.jpg\" style=\"max-width: 100%; height: 487px; width: 650px;\"></p><p style=\"font-size: 14px; color: rgb(102, 102, 102); font-family: Helvetica, sans-serif; line-height: 20px; margin-right: 0px; margin-bottom: 10px; margin-left: 0px; text-align: justify;\"><strong>7. Sử dụng giấy dán tường</strong></p><p style=\"font-size: 14px; color: rgb(102, 102, 102); font-family: Helvetica, sans-serif; line-height: 20px; margin-right: 0px; margin-bottom: 10px; margin-left: 0px; text-align: justify;\">Không cần đến quá nhiều thời gian và tiền bạc, chỉ cần sử dụng giấy dán tường là đủ để mang lại diện mạo mới cho phòng khách. Đây là lựa chọn kinh tế và dễ dàng thực hiện. Nhiều mẫu giấy dán tường với chất lượng cao, hoa văn đa dạng mang sắc màu mùa xuân là sự lựa chọn của nhiều gia đình.</p><p style=\"font-size: 14px; color: rgb(102, 102, 102); font-family: Helvetica, sans-serif; line-height: 20px; margin-right: 0px; margin-bottom: 10px; margin-left: 0px; text-align: center;\"><img alt=\"\" src=\"http://files.thietthach.vn//upload/1484298776-8.jpg\" style=\"max-width: 100%; height: 500px; width: 650px;\"></p><p style=\"font-size: 14px; color: rgb(102, 102, 102); font-family: Helvetica, sans-serif; line-height: 20px; margin-right: 0px; margin-bottom: 10px; margin-left: 0px; text-align: right;\"><em>Biên tập theo nguồn “</em><em>Trí thức trẻ</em><em>”</em></p>\n                    ', '2019-09-18 11:30:42.000000', '2019-09-18 11:30:42.000000');
INSERT INTO `posts` VALUES (26, 'GIẢI PHÁP CHO PHÒNG KHÁCH DÀI VÀ HẸP', 'Trước khi trang trí, vị trí đặt đồ nội thất chính là yếu tố đầu tiên cần nghiên cứu kỹ. Từ đó, hãy xác định phong cách định trang trí là gì? Liệu cách trang trí như thế có phù hợp với không gian hay không? Liệu nó có gây khó khăn trong việc đi lại của các thành viên trong gia đình không?…', '<p style=\"font-size: 14px; color: rgb(102, 102, 102); font-family: Helvetica, sans-serif; line-height: 20px; margin-right: 0px; margin-bottom: 10px; margin-left: 0px; text-align: justify;\"><strong>Nghiên cứu không gian phòng</strong></p><p style=\"font-size: 14px; color: rgb(102, 102, 102); font-family: Helvetica, sans-serif; line-height: 20px; margin-right: 0px; margin-bottom: 10px; margin-left: 0px; text-align: justify;\">Trước khi trang trí, vị trí đặt đồ nội thất chính là yếu tố đầu tiên&nbsp;cần nghiên cứu kỹ. Từ đó, hãy xác định phong cách định trang trí là gì? Liệu cách trang trí như thế&nbsp;có phù hợp với không gian hay không? Liệu nó có gây khó khăn trong việc đi lại của các thành viên trong gia đình không?…</p><p style=\"font-size: 14px; color: rgb(102, 102, 102); font-family: Helvetica, sans-serif; line-height: 20px; margin-right: 0px; margin-bottom: 10px; margin-left: 0px; text-align: center;\"><img alt=\"\" src=\"http://files.thietthach.vn//upload/1468482694-1.jpg\" style=\"max-width: 100%; height: 488px; width: 650px;\"></p><p style=\"font-size: 14px; color: rgb(102, 102, 102); font-family: Helvetica, sans-serif; line-height: 20px; margin-right: 0px; margin-bottom: 10px; margin-left: 0px; text-align: justify;\"><strong>Sắp xếp đồ đạc</strong></p><p style=\"font-size: 14px; color: rgb(102, 102, 102); font-family: Helvetica, sans-serif; line-height: 20px; margin-right: 0px; margin-bottom: 10px; margin-left: 0px; text-align: justify;\">Điều cần lưu ý là đồ nội thất. Hãy bố trí&nbsp;ghế sofa đặt&nbsp;sát vào tường, nếu là một bộ sofa tách biệt nhiều ghế khác nhau sẽ dễ dàng hơn&nbsp;để bố trí. Có thể sắp xếp ghế sofa ở hai khu vực ngồi riêng biệt nhằm&nbsp;tạo lối đi thoải mái&nbsp;cho&nbsp;phòng khách dài hẹp.</p><p style=\"font-size: 14px; color: rgb(102, 102, 102); font-family: Helvetica, sans-serif; line-height: 20px; margin-right: 0px; margin-bottom: 10px; margin-left: 0px; text-align: center;\"><img alt=\"\" src=\"http://files.thietthach.vn//upload/1468482694-2.jpg\" style=\"max-width: 100%; height: 488px; width: 650px;\"></p><p style=\"font-size: 14px; color: rgb(102, 102, 102); font-family: Helvetica, sans-serif; line-height: 20px; margin-right: 0px; margin-bottom: 10px; margin-left: 0px; text-align: justify;\"><strong>Bố trí các tác phẩm nghệ thuật và gương</strong></p><p style=\"font-size: 14px; color: rgb(102, 102, 102); font-family: Helvetica, sans-serif; line-height: 20px; margin-right: 0px; margin-bottom: 10px; margin-left: 0px; text-align: justify;\">Cách tốt nhất là treo tác phẩm nghệ thuật ở các bức tường gần chỗ ngồi. Cách làm này sẽ tạo thuận lợi cho&nbsp;việc sắp xếp đồ nội thất ở dưới sàn một cách thoải mái. Nếu bố trí theo phương pháp&nbsp;này thì việc gắn&nbsp;một chiếc gương ở&nbsp;phòng khách là hoàn toàn có thể.</p><p style=\"font-size: 14px; color: rgb(102, 102, 102); font-family: Helvetica, sans-serif; line-height: 20px; margin-right: 0px; margin-bottom: 10px; margin-left: 0px; text-align: center;\"><img alt=\"\" src=\"http://files.thietthach.vn//upload/1468482694-3.jpg\" style=\"max-width: 100%; height: 489px; width: 650px;\"></p><p style=\"font-size: 14px; color: rgb(102, 102, 102); font-family: Helvetica, sans-serif; line-height: 20px; margin-right: 0px; margin-bottom: 10px; margin-left: 0px; text-align: justify;\"><strong>Sử dụng thảm để giúp xác định khu vực riêng biệt</strong></p><p style=\"font-size: 14px; color: rgb(102, 102, 102); font-family: Helvetica, sans-serif; line-height: 20px; margin-right: 0px; margin-bottom: 10px; margin-left: 0px; text-align: justify;\">Một gợi ý để trang trí cho phòng khách dài và hẹp là sử dụng thảm. Họa tiết của thảm&nbsp;cũng sẽ góp phần tạo không gian phòng rộng hay hẹp đi. Một tấm thảm hình sọc chính&nbsp;là sự lựa chọn tuyệt vời&nbsp;để phòng khách trở nên rộng lớn hơn. Và trong không gian đó, nếu định tách thành hai khu vực chỗ ngồi khác nhau thì hãy sử dụng hai tấm thảm khác nhau để phân biệt.</p><p style=\"font-size: 14px; color: rgb(102, 102, 102); font-family: Helvetica, sans-serif; line-height: 20px; margin-right: 0px; margin-bottom: 10px; margin-left: 0px; text-align: center;\"><img alt=\"\" src=\"http://files.thietthach.vn//upload/1468482694-4.jpg\" style=\"max-width: 100%; height: 650px; width: 650px;\"></p><p style=\"font-size: 14px; color: rgb(102, 102, 102); font-family: Helvetica, sans-serif; line-height: 20px; margin-right: 0px; margin-bottom: 10px; margin-left: 0px; text-align: justify;\"><strong>Đặt kệ trên tường</strong></p><p style=\"font-size: 14px; color: rgb(102, 102, 102); font-family: Helvetica, sans-serif; line-height: 20px; margin-right: 0px; margin-bottom: 10px; margin-left: 0px; text-align: justify;\">Thay vì tận dụng&nbsp;một phần diện tích sàn nhà để đặt tủ, hãy dùng đến&nbsp;phần diện tích trống trên tường. Có thể gắn&nbsp;một kệ lên trên tivi, phía trên sofa…Cách bố trí này sẽ khiến khu vực sinh hoạt của gia đình trở nên thông thoáng, rộng rãi hơn.</p><p style=\"font-size: 14px; color: rgb(102, 102, 102); font-family: Helvetica, sans-serif; line-height: 20px; margin-right: 0px; margin-bottom: 10px; margin-left: 0px; text-align: center;\"><img alt=\"\" src=\"http://files.thietthach.vn//upload/1468482694-5.jpg\" style=\"max-width: 100%; height: 400px; width: 650px;\"></p><p style=\"font-size: 14px; color: rgb(102, 102, 102); font-family: Helvetica, sans-serif; line-height: 20px; margin-right: 0px; margin-bottom: 10px; margin-left: 0px; text-align: justify;\"><strong>Màu sơn tường</strong></p><p style=\"font-size: 14px; color: rgb(102, 102, 102); font-family: Helvetica, sans-serif; line-height: 20px; margin-right: 0px; margin-bottom: 10px; margin-left: 0px; text-align: justify;\">Đừng ngại ngần thử&nbsp;thêm một vài màu sắc để trang trí tường cho phòng khách. Bởi việc phối hợp nhiều tone màu như màu trắng, màu be… sẽ giúp căn phòng trở nên thoáng hơn, bên cạnh đó cũng tránh được cảm giác như một hình hộp khép kín, tránh không gian phòng khách ngột ngạt.</p><p style=\"font-size: 14px; color: rgb(102, 102, 102); font-family: Helvetica, sans-serif; line-height: 20px; margin-right: 0px; margin-bottom: 10px; margin-left: 0px; text-align: justify;\"><strong>Bố trí thiết bị</strong></p><p style=\"font-size: 14px; color: rgb(102, 102, 102); font-family: Helvetica, sans-serif; line-height: 20px; margin-right: 0px; margin-bottom: 10px; margin-left: 0px; text-align: justify;\">Cách bố trí các thiết bị trong nhà sẽ là câu trả lời&nbsp;cho việc có thể đưa cây cảnh, hoa vào trong căn phòng được hay không? Cách hiệu quả nhất&nbsp;là đặt thiết bị có diện tích lớn vào một góc trống, sau đó đặt các thiết bị khác vào một chiếc bàn trong góc, hai bên cạnh tivi để tránh cảm giác chật hẹp&nbsp;mà vẫn tiết kiệm diện&nbsp;tích tối đa.</p><p style=\"font-size: 14px; color: rgb(102, 102, 102); font-family: Helvetica, sans-serif; line-height: 20px; margin-right: 0px; margin-bottom: 10px; margin-left: 0px; text-align: center;\"><img alt=\"\" src=\"http://files.thietthach.vn//upload/1468483199-6.jpg\" style=\"max-width: 100%; height: 487px; width: 650px;\"></p><p style=\"font-size: 14px; color: rgb(102, 102, 102); font-family: Helvetica, sans-serif; line-height: 20px; margin-right: 0px; margin-bottom: 10px; margin-left: 0px; text-align: justify;\"><strong>Chọn màu cho đồ dùng đặt ở phòng khách</strong></p><p style=\"font-size: 14px; color: rgb(102, 102, 102); font-family: Helvetica, sans-serif; line-height: 20px; margin-right: 0px; margin-bottom: 10px; margin-left: 0px; text-align: justify;\">Khi mua đồ dùng cần tránh những gam màu ấm&nbsp;vì chúng&nbsp;sẽ khiến căn phòng trở nên hẹp đi rất nhiều. Vì thế, cần chọn màu mang sắc thái nhẹ nhàng hơn như hồng, trắng…Yếu tố&nbsp;quan trọng nhất khi quyết định màu sắc đó là phải&nbsp;tạo nên sự liên kết&nbsp;giữa các màu trong phòng.</p><p style=\"font-size: 14px; color: rgb(102, 102, 102); font-family: Helvetica, sans-serif; line-height: 20px; margin-right: 0px; margin-bottom: 10px; margin-left: 0px; text-align: center;\"><img alt=\"\" src=\"http://files.thietthach.vn//upload/1468483199-7.jpg\" style=\"max-width: 100%; height: 488px; width: 650px;\"></p><p style=\"font-size: 14px; color: rgb(102, 102, 102); font-family: Helvetica, sans-serif; line-height: 20px; margin-right: 0px; margin-bottom: 10px; margin-left: 0px; text-align: justify;\"><strong>Tạo không gian sáng trong phòng</strong></p><p style=\"font-size: 14px; color: rgb(102, 102, 102); font-family: Helvetica, sans-serif; line-height: 20px; margin-right: 0px; margin-bottom: 10px; margin-left: 0px; text-align: justify;\">Ánh sáng qua cửa sổ, ánh sáng tự nhiên cũng có&nbsp;đóng góp rất&nbsp;quan trọng vào độ sáng của căn phòng. Nên dùng bóng đèn, đèn chùm chiếu ánh sáng trắng hoặc vàng nhằm tạo cảm giác&nbsp;ấm áp cho căn phòng. Lời khuyên đối với không gian dài và hẹp là nên hạn chế hoặc không nên lắp đèn trần và đèn sàn; trừ khi trần nhà cao, bởi rất dễ bị va chạm với các thiết bị đồ dùng khác trong nhà.</p><p style=\"font-size: 14px; color: rgb(102, 102, 102); font-family: Helvetica, sans-serif; line-height: 20px; margin-right: 0px; margin-bottom: 10px; margin-left: 0px; text-align: center;\"><img alt=\"\" src=\"http://files.thietthach.vn//upload/1468483199-8.jpg\" style=\"max-width: 100%; height: 433px; width: 650px;\"></p><p style=\"font-size: 14px; color: rgb(102, 102, 102); font-family: Helvetica, sans-serif; line-height: 20px; margin-right: 0px; margin-bottom: 10px; margin-left: 0px; text-align: justify;\"><strong>Hạn chế&nbsp;</strong><strong>nhiều kiểu dáng trong một phòng khách</strong></p><p style=\"font-size: 14px; color: rgb(102, 102, 102); font-family: Helvetica, sans-serif; line-height: 20px; margin-right: 0px; margin-bottom: 10px; margin-left: 0px; text-align: justify;\">Không gian sẽ trở nên chật hẹp hơn&nbsp;nếu trong phòng&nbsp;đặt đồ vật có nhiều kiểu dáng khác nhau. Vì không gian sẽ bị trống nhiều nơi và không đặt được&nbsp;nhiều đồ vật như ý&nbsp;muốn.</p><p style=\"font-size: 14px; color: rgb(102, 102, 102); font-family: Helvetica, sans-serif; line-height: 20px; margin-right: 0px; margin-bottom: 10px; margin-left: 0px; text-align: right;\">Nguồn: blog.thegioinoithat.com</p>\n                    ', '2019-09-18 11:32:10.000000', '2019-09-18 11:32:10.000000');
INSERT INTO `posts` VALUES (27, 'PHONG CÁCH NỘI THẤT SHABBY CHIC', 'Shabby Chic là thiết kế nội thất theo phong cách Vintage kiểu Anh với nhiều đồ đạc cũ kỹ, sáng màu và có chút dáng vẻ nhuốm màu thời gian. Phong cách này bắt nguồn từ những ngôi nhà tại đồng quê nước Anh. Đặc trưng truyền thống của Shabby Chic là sử dụng những món đồ cũ như vải vóc, tranh ảnh, bàn ghế nội thất với màu sơn nhạt. Cách trang trí phong cách Shabby Chic đem lại một không gian nội thất thanh lịch, trang nhã mà rất tự nhiên và thân thiện', '<h2 style=\"color: rgb(34, 34, 34); font-size: 17px; font-family: Helvetica, sans-serif; font-weight: 700; margin-right: 0px; margin-bottom: 20px; margin-left: 0px; text-transform: uppercase;\"><strong style=\"font-size: 14px; text-align: justify; color: rgb(102, 102, 102);\">Shabby Chic là gì?</strong><br></h2><div class=\"noidung\" style=\"color: rgb(102, 102, 102); font-family: Helvetica, sans-serif; font-size: 12px;\"><p style=\"font-size: 14px; line-height: 20px; margin-right: 0px; margin-bottom: 10px; margin-left: 0px; text-align: justify;\">Shabby Chic là thiết kế nội thất theo phong cách Vintage&nbsp;kiểu Anh với nhiều đồ đạc cũ kỹ, sáng màu và có chút dáng vẻ nhuốm màu thời gian.&nbsp;Phong cách này bắt nguồn từ những ngôi nhà tại đồng quê nước Anh. Đặc trưng truyền thống của Shabby Chic là sử dụng những món đồ cũ như vải vóc, tranh ảnh, bàn ghế nội thất với màu sơn nhạt. Cách trang trí phong cách Shabby Chic đem lại một&nbsp;không gian nội thất thanh lịch, trang nhã mà rất tự nhiên và thân thiện. Ngoài việc sử dụng những món hàng đã cũ – xuống cấp (wear and tear), những vật dụng mới cũng được sử dụng nếu được làm trông có vẻ cũ kỹ.</p><p style=\"font-size: 14px; line-height: 20px; margin-right: 0px; margin-bottom: 10px; margin-left: 0px; text-align: center;\"><img alt=\"\" src=\"http://files.thietthach.vn//upload/1467335663-01.jpg\" style=\"max-width: 100%; height: 848px; width: 650px;\"></p><p style=\"font-size: 14px; line-height: 20px; margin-right: 0px; margin-bottom: 10px; margin-left: 0px; text-align: justify;\"><strong>Sự ra đời của phong cách Shabby Chic</strong></p><p style=\"font-size: 14px; line-height: 20px; margin-right: 0px; margin-bottom: 10px; margin-left: 0px; text-align: justify;\">Vào những năm 1980, tạp chí Nội thất thế giới đã tạo ra thuật ngữ “Shabby Chic” để mô tả sự đồng nhất cho phong cách này.&nbsp;Thuật ngữ này đã được đăng ký bản quyền thương mại bởi nhà thiết kế nữ Rachel Ashwell,&nbsp;người đã xuất bản nhiều cuốn sách về phong cách Shabby Chic và thành lập công ty Shabby Chic vào năm 1989. Tuy nhiên, Rachel lại kết hợp những ảnh hưởng của di sản truyền thống nước Anh và lối sống của cô tại California, Mỹ.</p><p style=\"font-size: 14px; line-height: 20px; margin-right: 0px; margin-bottom: 10px; margin-left: 0px; text-align: justify;\"><strong>Những đặc điểm của phong cách Shabby Chic</strong></p><p style=\"font-size: 14px; line-height: 20px; margin-right: 0px; margin-bottom: 10px; margin-left: 0px; text-align: justify;\">Phong cách Shabby Chic là một cuộc tìm kiếm những điều thân thuộc từ quá khứ.&nbsp;Không có những chi tiết phức tạp cầu kỳ, không cần quá câu nệ tính đồng bộ của đồ đạc nội thất,&nbsp;sự kết hợp ngẫu hứng của những đồ nội thất cũ kỹ “độc nhất” hướng tới sự thư giãn, hài hòa và gắn bó giữa người sử dụng với không gian sống,&nbsp;đồng thời cũng tràn đầy cảm hứng sáng tạo bởi tính ngẫu hứng và độc nhất khiến chúng giống như những tác phẩm nghệ thuật.</p><p style=\"font-size: 14px; line-height: 20px; margin-right: 0px; margin-bottom: 10px; margin-left: 0px; text-align: center;\"><img alt=\"\" src=\"http://files.thietthach.vn//upload/1467335663-02.jpg\" style=\"max-width: 100%; height: 824px; width: 650px;\"></p><p style=\"font-size: 14px; line-height: 20px; margin-right: 0px; margin-bottom: 10px; margin-left: 0px; text-align: justify;\"><strong>Nội thất</strong></p><p style=\"font-size: 14px; line-height: 20px; margin-right: 0px; margin-bottom: 10px; margin-left: 0px; text-align: justify;\">Phòng khách theo phong cách&nbsp;Shabby Chic thường có tâm điểm là một sofa lớn bọc vải với&nbsp;những món đồ đã qua sử dụng hay được làm giả Vintage.</p><p style=\"font-size: 14px; line-height: 20px; margin-right: 0px; margin-bottom: 10px; margin-left: 0px; text-align: center;\"><img alt=\"\" src=\"http://files.thietthach.vn//upload/1467335663-03.jpg\" style=\"max-width: 100%; height: 450px; width: 650px;\"></p><p style=\"font-size: 14px; line-height: 20px; margin-right: 0px; margin-bottom: 10px; margin-left: 0px; text-align: justify;\"><span style=\"font-family: arial, sans-serif;\">Gần như bất kỳ nội thất đồ gỗ nào cũng có thể biến tấu để phù hợp với phong cách Shabby Chic với&nbsp;một chút kỹ thuật sơn - cọ nhiều lớp như tranh sơn mài. Hoặc đơn giản nhất là phủ lên chúng một lớp màu yêu thích rồi dùng giấy nhám cọ bớt một chút sơn trên bề mặt hoặc ở các góc cạnh để tạo nên các vết xước, như đã sử dụng lâu ngày.</span></p><p style=\"font-size: 14px; line-height: 20px; margin-right: 0px; margin-bottom: 10px; margin-left: 0px; text-align: justify;\"><strong>Màu sắc</strong></p><p style=\"font-size: 14px; line-height: 20px; margin-right: 0px; margin-bottom: 10px; margin-left: 0px; text-align: justify;\">Trắng, hồng phớt, xanh lá nhạt,&nbsp;tông màu xám hoặc trung tính kết hợp với màu sắc tương phản tối,&nbsp;các gam màu pastel &nbsp;đều có thể là các màu tối ưu cho phong cách Shabby Chic.&nbsp;Màu sắc tươi sáng sử dụng áp đảo về số lượng. Shabby Chic là phong cách dựa trên chủ đề màu sắc đơn giản kết hợp với đồ nội thất và những sở thích của người sử dụng.</p><p style=\"font-size: 14px; line-height: 20px; margin-right: 0px; margin-bottom: 10px; margin-left: 0px; text-align: center;\"><img alt=\"\" src=\"http://files.thietthach.vn//upload/1467335663-04.jpg\" style=\"max-width: 100%; height: 470px; width: 650px;\"></p><p style=\"font-size: 14px; line-height: 20px; margin-right: 0px; margin-bottom: 10px; margin-left: 0px; text-align: justify;\"><strong>Vật dụng trang trí</strong></p><p style=\"font-size: 14px; line-height: 20px; margin-right: 0px; margin-bottom: 10px; margin-left: 0px; text-align: justify;\">Đặc trưng truyền thống của phong cách Shabby Chic là sử dụng những món đồ cũ như vải vóc, tranh ảnh, bàn ghế nội thất với màu sơn nhạt.&nbsp; Ngoài việc sử dụng những món đồ cũ kỹ, những vật dụng mới cũng được sử dụng nếu nó được làm trông có vẻ hoài cổ.</p><p style=\"font-size: 14px; line-height: 20px; margin-right: 0px; margin-bottom: 10px; margin-left: 0px; text-align: center;\"><img alt=\"\" src=\"http://files.thietthach.vn//upload/1467335663-05.jpg\" style=\"max-width: 100%; height: 475px; width: 650px;\"></p><p style=\"font-size: 14px; line-height: 20px; margin-right: 0px; margin-bottom: 10px; margin-left: 0px; text-align: justify;\"><span style=\"font-family: arial, sans-serif;\">Shabby Chic cũng cho phép sử dụng vật trang trí khác nhau, thậm chí nếu nó không phù hợp về phong cách, kết cấu, màu sắc.&nbsp;Vì phong cách này gắn liền với tái chế đồ nội thất cũ, nên đây là phong cách thiết kế nội thất khá tiết kiệm cho người sử dụng khi túi tiền hạn hẹp. Có thể thấy rằng, vẻ đẹp nội thất từ phong cách này là vẻ đẹp tinh tế, giản dị, thanh lịch và nữ tính.</span></p><p style=\"font-size: 14px; line-height: 20px; margin-right: 0px; margin-bottom: 10px; margin-left: 0px; text-align: right;\">Theo: tapchi247.com, nguồn: designs</p></div>\n                    ', '2019-09-18 11:33:30.000000', '2019-09-18 11:33:30.000000');
INSERT INTO `posts` VALUES (28, '6 CÁCH ĐƠN GIẢN LÀM MÁT NHÀ NGÀY HÈ', 'Không ai có thể phủ nhận ánh sáng ảnh hưởng rất lớn đến cảm nhận của bạn đối với không gian sống. Nếu ánh sáng vàng mang lại cảm giác ấm áp vào mùa đông giá lạnh thì ánh sáng trắng lại mang lại vẻ dịu mát cho tiết trời oi bức mùa hè. Hãy thử thay bóng đèn sợi đốt bằng các loại bóng đèn điện quang tiết kiệm điện và biến căn nhà bạn thành căn nhà thân thiện với môi trường.', '<p style=\"font-size: 14px; color: rgb(102, 102, 102); font-family: Helvetica, sans-serif; line-height: 20px; margin-right: 0px; margin-bottom: 10px; margin-left: 0px; text-align: justify;\"><strong>Cải thiện ánh sáng điện</strong></p><p style=\"font-size: 14px; color: rgb(102, 102, 102); font-family: Helvetica, sans-serif; line-height: 20px; margin-right: 0px; margin-bottom: 10px; margin-left: 0px; text-align: justify;\">Không ai có thể phủ nhận ánh sáng ảnh hưởng rất lớn đến cảm nhận của bạn đối với không gian sống. Nếu ánh sáng vàng mang lại cảm giác ấm áp vào mùa đông giá lạnh thì ánh sáng trắng lại mang lại vẻ dịu mát cho tiết trời oi bức mùa hè. Hãy thử thay bóng đèn sợi đốt bằng các loại bóng đèn điện quang tiết kiệm điện và biến căn nhà bạn thành căn nhà thân thiện với môi trường.</p><p style=\"font-size: 14px; color: rgb(102, 102, 102); font-family: Helvetica, sans-serif; line-height: 20px; margin-right: 0px; margin-bottom: 10px; margin-left: 0px; text-align: center;\"><img alt=\"\" src=\"http://files.thietthach.vn//upload/1464148927-1.jpg\" style=\"max-width: 100%; height: 473px; width: 650px;\"></p><p style=\"font-size: 14px; color: rgb(102, 102, 102); font-family: Helvetica, sans-serif; line-height: 20px; margin-right: 0px; margin-bottom: 10px; margin-left: 0px; text-align: justify;\"><strong>Loại bớt đồ đạc</strong></p><p style=\"font-size: 14px; color: rgb(102, 102, 102); font-family: Helvetica, sans-serif; line-height: 20px; margin-right: 0px; margin-bottom: 10px; margin-left: 0px; text-align: justify;\">Bài trí nội thất khoa học là cách dọn nhà đơn giản và ít tốn kém chi phí nhất. Ngoài những món đồ nội thất cồng kềnh, cũng cần để ý đến việc sắp xếp các món đồ nhỏ khác. Không tham lam ôm đồm là bí quyết để căn nhà không bị quá tải bởi trăm thứ phức tạp. Hãy chọn ra những món đồ bạn ít hoặc không có nhu cầu sử dụng nữa rồi đem cất chúng dưới kho hoặc tặng lại cho người có nhu cầu. Sử dụng lõi giấy vệ sinh để cất gọn các loại dây, cáp điện, hay tận dụng sách báo cũ làm những món đồ trang trí cũng là những mẹo hay giúp giữ cho căn nhà thêm ngăn nắp.</p><p style=\"font-size: 14px; color: rgb(102, 102, 102); font-family: Helvetica, sans-serif; line-height: 20px; margin-right: 0px; margin-bottom: 10px; margin-left: 0px; text-align: center;\"><img alt=\"\" src=\"http://files.thietthach.vn//upload/1464148927-2.jpg\" style=\"max-width: 100%; height: 406px; width: 650px;\"></p><p style=\"font-size: 14px; color: rgb(102, 102, 102); font-family: Helvetica, sans-serif; line-height: 20px; margin-right: 0px; margin-bottom: 10px; margin-left: 0px; text-align: justify;\"><strong>Sử dụng các tông màu tươi sáng</strong></p><p style=\"font-size: 14px; color: rgb(102, 102, 102); font-family: Helvetica, sans-serif; line-height: 20px; margin-right: 0px; margin-bottom: 10px; margin-left: 0px; text-align: justify;\">Ai cũng biết những màu sắc tươi sáng sẽ khiến cho căn nhà của bạn mát mẻ hơn, nhưng thực tế việc sơn lại nhà, thay đổi màu nội thất hay dán lại giấy tường không phải một lúc là làm được. Tuy nhiên bạn lại hoàn toàn chủ động được việc thay đổi màu sắc hay họa tiết của những nội thất mềm như vỏ chăn drap, khăn trải bàn, rèm cửa sổ hay thảm trải sàn. Để mang không khí tươi mát và mềm mại của mùa hè đến nhà mình, bạn hãy thay những tấm rèm, vỏ chăn gối hay drap, trải bàn màu trầm bằng các chất liệu mềm mại và có màu sắc mát mẻ như xanh hay hồng nhẹ, cùng những họa tiết rực rỡ.</p><p style=\"font-size: 14px; color: rgb(102, 102, 102); font-family: Helvetica, sans-serif; line-height: 20px; margin-right: 0px; margin-bottom: 10px; margin-left: 0px; text-align: center;\"><img alt=\"\" src=\"http://files.thietthach.vn//upload/1464148927-3.jpg\" style=\"max-width: 100%; height: 444px; width: 650px;\"></p><p style=\"font-size: 14px; color: rgb(102, 102, 102); font-family: Helvetica, sans-serif; line-height: 20px; margin-right: 0px; margin-bottom: 10px; margin-left: 0px; text-align: center;\"><img alt=\"\" src=\"http://files.thietthach.vn//upload/1464148927-4.jpg\" style=\"max-width: 100%; height: 433px; width: 650px;\"></p><p style=\"font-size: 14px; color: rgb(102, 102, 102); font-family: Helvetica, sans-serif; line-height: 20px; margin-right: 0px; margin-bottom: 10px; margin-left: 0px; text-align: justify;\"><strong>Sơn tường</strong></p><p style=\"font-size: 14px; color: rgb(102, 102, 102); font-family: Helvetica, sans-serif; line-height: 20px; margin-right: 0px; margin-bottom: 10px; margin-left: 0px; text-align: justify;\">Đây có lẽ là cách dọn nhà tốn công và chi phí nhất, tuy nhiên một lớp sơn mới sẽ đem đến sự thay đổi diện mạo rõ rệt cho căn nhà bạn. Những tông màu sáng như trắng, hồng, vàng, xanh ngọc, lam, pastel sẽ đem lại cảm giác tươi mới, mát mẻ và làm \"giảm nhiệt\" cho ngôi nhà của bạn trong mùa hè nóng bức này.</p><p style=\"font-size: 14px; color: rgb(102, 102, 102); font-family: Helvetica, sans-serif; line-height: 20px; margin-right: 0px; margin-bottom: 10px; margin-left: 0px; text-align: center;\"><img alt=\"\" src=\"http://files.thietthach.vn//upload/1464148927-5.jpg\" style=\"max-width: 100%; height: 473px; width: 650px;\"></p><p style=\"font-size: 14px; color: rgb(102, 102, 102); font-family: Helvetica, sans-serif; line-height: 20px; margin-right: 0px; margin-bottom: 10px; margin-left: 0px; text-align: justify;\"><strong>Thay đổi vị trí nội thất</strong></p><p style=\"font-size: 14px; color: rgb(102, 102, 102); font-family: Helvetica, sans-serif; line-height: 20px; margin-right: 0px; margin-bottom: 10px; margin-left: 0px; text-align: justify;\">Bạn có để ý các trung tâm thương mại thường thay đổi lại cách sắp xếp quầy hàng của mình theo chu kỳ để thu hút khách hàng. Tương tự như thế, dịch chuyển vị trí đồ đạc, bài trí nội thất trong nhà khác đi sẽ mang đến cái nhìn mới lạ cho không gian sống của bạn. Nếu như trong mùa đông bộ bàn ghế của bạn đang được kê gần nhau theo hình tròn để tạo sự ấm áp thì việc bài trí lại chúng theo hướng mở rộng sẽ đem lại sự thoáng mát trong mùa hè.</p><p style=\"font-size: 14px; color: rgb(102, 102, 102); font-family: Helvetica, sans-serif; line-height: 20px; margin-right: 0px; margin-bottom: 10px; margin-left: 0px; text-align: center;\"><img alt=\"\" src=\"http://files.thietthach.vn//upload/1464149496-6.jpg\" style=\"max-width: 100%; height: 433px; width: 650px;\"></p><p style=\"font-size: 14px; color: rgb(102, 102, 102); font-family: Helvetica, sans-serif; line-height: 20px; margin-right: 0px; margin-bottom: 10px; margin-left: 0px; text-align: justify;\"><strong>Thêm sắc xanh tự nhiên</strong></p><p style=\"font-size: 14px; color: rgb(102, 102, 102); font-family: Helvetica, sans-serif; line-height: 20px; margin-right: 0px; margin-bottom: 10px; margin-left: 0px; text-align: justify;\">Không gian sống của bạn sẽ trở nên tươi mới và mát mẻ hơn với màu xanh mướt mắt của cây cỏ thiên nhiên. Bày biện một vài chậu cây nhỏ hay \"chịu khó\" cắm hoa tươi mỗi ngày là những cách siêu dễ dàng để mang sự thoáng đãng đến ngôi nhà của bạn trong tiết trời mùa hè oi bức.</p><p style=\"font-size: 14px; color: rgb(102, 102, 102); font-family: Helvetica, sans-serif; line-height: 20px; margin-right: 0px; margin-bottom: 10px; margin-left: 0px; text-align: center;\"><img alt=\"\" src=\"http://files.thietthach.vn//upload/1464149496-7.png\" style=\"max-width: 100%; height: 320px; width: 650px;\"></p><p style=\"font-size: 14px; color: rgb(102, 102, 102); font-family: Helvetica, sans-serif; line-height: 20px; margin-right: 0px; margin-bottom: 10px; margin-left: 0px; text-align: center;\"><img alt=\"\" src=\"http://files.thietthach.vn//upload/1464149496-8.jpg\" style=\"max-width: 100%; height: 834px; width: 650px;\"></p><p style=\"font-size: 14px; color: rgb(102, 102, 102); font-family: Helvetica, sans-serif; line-height: 20px; margin-right: 0px; margin-bottom: 10px; margin-left: 0px; text-align: right;\"><em>Theo trithucsong.com</em></p>\n                    ', '2019-09-18 11:43:32.000000', '2019-09-18 11:43:32.000000');

-- ----------------------------
-- Table structure for roles
-- ----------------------------
DROP TABLE IF EXISTS `roles`;
CREATE TABLE `roles`  (
  `id` int(11) NOT NULL AUTO_INCREMENT,
  `name` varchar(255) CHARACTER SET utf8 COLLATE utf8_general_ci NOT NULL,
  `created_at` datetime(6) NOT NULL ON UPDATE CURRENT_TIMESTAMP(6),
  `updated_at` datetime(6) NOT NULL ON UPDATE CURRENT_TIMESTAMP(6),
  PRIMARY KEY (`id`) USING BTREE
) ENGINE = InnoDB AUTO_INCREMENT = 2 CHARACTER SET = utf8 COLLATE = utf8_general_ci ROW_FORMAT = Dynamic;

-- ----------------------------
-- Records of roles
-- ----------------------------
INSERT INTO `roles` VALUES (1, 'ADMIN', '0000-00-00 00:00:00.000000', '0000-00-00 00:00:00.000000');

-- ----------------------------
-- Table structure for users
-- ----------------------------
DROP TABLE IF EXISTS `users`;
CREATE TABLE `users`  (
  `id` int(11) NOT NULL AUTO_INCREMENT,
  `username` varchar(255) CHARACTER SET utf8 COLLATE utf8_general_ci NOT NULL,
  `password` varchar(255) CHARACTER SET utf8 COLLATE utf8_general_ci NOT NULL,
  `name` varchar(255) CHARACTER SET utf8 COLLATE utf8_general_ci NOT NULL,
  `role_id` int(11) NOT NULL DEFAULT 1,
  `created_at` datetime(6) NOT NULL ON UPDATE CURRENT_TIMESTAMP(6),
  `updated_at` datetime(6) NOT NULL ON UPDATE CURRENT_TIMESTAMP(6),
  PRIMARY KEY (`id`) USING BTREE
) ENGINE = InnoDB AUTO_INCREMENT = 5 CHARACTER SET = utf8 COLLATE = utf8_general_ci ROW_FORMAT = Dynamic;

-- ----------------------------
-- Records of users
-- ----------------------------
INSERT INTO `users` VALUES (1, 'admin', '123123', 'admin', 1, '2019-09-16 22:32:14.558009', '2019-09-16 22:32:14.558009');
INSERT INTO `users` VALUES (4, 'bac', '123123', 'bac', 1, '2019-09-17 09:07:55.000000', '2019-09-17 09:11:36.000000');

SET FOREIGN_KEY_CHECKS = 1;
